"","items","glmermodel","Std.Error.glmer","eirmmodel","std.error.eirm","LLTModel.etapar","LLTModel$se.eta"
"1","Intercept",-0.316633903699458,0.0895092735871872,-0.316633903699458,0.0895092735871872,NA,NA
"2","mode",-0.67158037309172,0.0562105842125344,-0.67158037309172,0.0562105842125344,-0.671205028015912,0.0570958097287682
"3","situ",1.0278916006667,0.0568944315685431,1.0278916006667,0.0568944315685431,1.02699670660392,0.0579751352285575
"4","Blame",1.36146994109373,0.0486192330398852,1.36146994109373,0.0486192330398852,1.35923552397612,0.0499207741288189
"5","Express",0.70344600248301,0.0453572381499986,0.70344600248301,0.0453572381499986,0.70141377135418,0.0461728650328623
